"","x"
"1","5ee222b0470fa72a18c1cc02"
"2","5f3077986a37984e5af7d994"
"3","5f246fce25a82404804e5835"
"4","5fa458b62713510a43fa06a6"
"5","5e6e1cdb47b4423c29b7ce9a"
"6","5d0be24e352d630017a643be"
"7","5f28196752b92a0a83d7a9db"
"8","5ed9f9d050d9be5b5261861f"
"9","5e99ceb77e5c4b0416ebf946"
"10","5b62f401c7e8a900018d7e99"
"11","5eefb6ecc9e3c81363bc53f5"
"12","5eeb3879a497fe025cc4050b"
"13","5f6318fbbfaddb3c293e6236"
"14","5f6e713d08a4a53c6bfd8c5e"
"15","5e8a23a93fe46b01cec2cbfd"
"16","5ebd3bbcecfc7d00085d0f9e"
"17","5f212a5e1723a92850cb6061"
"18","5ce71321a6f1d5001a4b6ec3"
"19","5f983cb10133ea0caba52342"
"20","5d7df958cb6cf00001399929"
"21","5eef3e69f1679801ea55a734"
"22","5ec57530f348315719a6777f"
"23","5e8783b0fde5153fbd9dca43"
"24","5e9d726e9a804b02ab2763df"
"25","5f5503435d41a489068ff50b"
"26","5ee1cf986f6573201fa06a24"
"27","1234t"
"28","5c61bfabd1c24d0001638dbb"
"29","5f52709068e37c52492decd4"
"30","5fa3de193078fb024c4bbff9"
"31","5f6285720560ae1db06d599a"
"32","5fac47187dfda11d948deef7"
"33","5f85a15c5c66ef021123a98d"
"34","5ed66c8840591e08bf3dc83b"
"35","5ee9ee23cf5da7000aaec837"
"36","5ec66938dab5740239677741"
"37","5f0991ea14af2601d61e51b6"
"38","5f3a84149afb5d69102176af"
"39","5ee354b51f4898000831028d"
"40","5f7f7cb6e820a4134ee3edb2"
"41","5f4166fc0af67010542f3ca5"
"42","5ee8ceb850ff321f9c977c5c"
"43","5ec6d41aa9dc4010c6d9d249"
"44","5ef5f63c7aa58727ac4f8588"
"45","59d3ef2c078dbe000195117f"
"46","5f343de4d0c07630b7f90b92"
"47","5ea66d70b8b1aa67d638b824"
"48","5b930339301eda0001ba2446"
"49","5f83287b8d1db7469ebc53f3"
"50","5f651423bda63f030f6d87aa"
"51","5f2ff56fead80705e5a981ec"
"52","5ef9a3f085fd347438975462"
"53","5ea4b5bc461d1047e88a9d64"
"54","5f4d01611d9c469446cfa41a"
"55","5ddd31af535a71c88666e7e2"
"56","5e9b22568e59f501f051752e"
"57","5e677f1ad40a4901785aae24"
"58","5fa548464d75e0232275d55e"
"59","5f95967b97a3ae074be7485a"
"60","5f03759a33e5d656f069b615"
"61","5fa0829da499850e740baa36"
"62","5f9eeebb30a3e74d62bd808a"
"63","5f15f619399eaf744fe91aaa"
"64","5f587ff0800ba33eff727cff"
"65","5e8841967a40f54adc0c0c59"
"66","5f4d9fd95fe13b0367cf7b32"
"67","5ece947349832e0bcb9852d9"
"68","5d80f06ec7470f0001e8464c"
"69","5eef5f7a9b6bd30c1ac42fb8"
"70","5de2b59d8fde1c2eb47f92d8"
"71","5e97018fc5a84918ec899112"
"72","5faa77a894b02a3893aba0f3"
"73","5f21ee6df7e345654b3ea7c6"
"74","5ead68a50869fc3ed4190f39"
"75","5f7c7f16778fde09b5ecedaa"
"76","5f6b011c82e9cd1da0175fbf"
"77","5d7374ab99bf5b0018864719"
"78","5e7f76cf000e7064c43cc84a"
"79","5f073c1625a90f2f8cbc4a89"
"80","5fa18c4a48882016b4b143f7"
"81","5f0ae85ed1a1d801cf4e8106"
"82","5edeef385ae5f81a082be62a"
"83","5ecbb4c00bc62403dae2df59"
"84","5c1f694cce8ff10001aa3e0b"
"85","5eb3e344905f501db9064a52"
"86","5ed24c6634a20303a5ef5bd4"
"87","5cb72e7625f45e0017c31287"
"88","5e6aa10ea20e4705134f8b2e"
"89","5f9802a1306ea3045e8c0b43"
"90","5f9c54c3ea7f960d52c2c1d0"
"91","5f9bfbae0517c60102da9e57"
"92","5fa52c420140081ec3044685"
"93","5a8b49d917ef35000170b814"
"94","5da2190cd214ae001611703d"
"95","5cf9179b8c98dc0001d5a431"
"96","5c7d8138896a0b00011c2f5d"
"97","5e830b929f2ed2018ec42099"
"98","5f8472685956c40c720d0936"
"99","5f2139c605b3e94afa55476a"
"100","5e482f13410cd9000bc937bb"
"101","5da867d0b56fb70012271761"
"102","5f0235be5d417d0dfb3ebc29"
"103","5ea66d70b8b1aa67d638b824"
"104","5f27f9f7119cde0008a93be7"
"105","5bf146203941490001fd45d1"
"106","5be3252a2dedc30001869bf8"
"107","5ecabb59401c3505e1c99513"
"108","5f72d2b7b70fa021b221ebbb"
"109","5eea0a3d61ca08000a56b912"
"110","5ee7bc5079ca99085e85f0ff"
"111","5ea84c88ea131626bbcc6dbf"
"112","5f07601a8515d13515268f96"
"113","5f3e6e0d4a65a7071650e28d"
"114","5f732dc2e3307c069b83df39"
"115","5daae19f8a06b60016d1bc32"
"116","5f9705923dc522060d67e9a0"
"117","5f6cc211062b6e0c529ffcbe"
"118","5efd9ae7f2b3b61fb38f8dc2"
"119","5fad5a0eca452a0601650ca0"
"120","5f0b1c7cd0a626070724d588"
"121","5e57a0020c3c6a14a1624031"
"122","5efb11b64187a502399fdfc3"
"123","5f590a019792910f88c687f1"
"124","5df50a49a98a7a3924e4137e"
"125","5e81f1cfded6d38f01e3d71a"
"126","5e7df5b7e28dab48b27cee4c"
"127","594fc4afd3a26200014dce0e"
"128","5eee042737a90c2596179309"
"129","5d97bf1cfaa2860015b165a6"
"130","5f9acb13135e3821ce11a45e"
"131","5f3e9334f8e5140d80af289d"
"132","5f907b2db259b6143a6659ba"
"133","5c5b333a2b7de10001b78759"
"134","5f723b778db9011526601def"
"135","5ef212414a410701dbc72427"
"136","5fa95cb2215d7c0ae4538369"
"137","5f75ec4da3ac742c4e865961"
"138","5debae6c7aeafe29c43806f6"
"139","5aeac20931a2fb00013cd72e"
"140","5eb808652d0c3773cc2577e9"
"141","5f842f8968ad9b03a1bef042"
"142","5fa02ce716691205a90d987c"
"143","5f636c7645f61e036f74ccbf"
"144","5e7c4f45455902295048ffb6"
"145","5ae5db897edeb000014a85ee"
"146","5d1b4223bafe26001ec6ae62"
"147","5efb7d2e8ded9d0e5473db8b"
"148","5f746ebecf8f02000adbad63"
"149","5f063482f060ae17e2102a81"
"150","5f4a2311fca470597144e1f9"
"151","5ea93d40fb690101aa21e97a"
"152","5c38d25078687a0001db8633"
